Martijn van Beers = Martijn van Beers <martijn@eekeek.org>
Stu Tomlinson = Stu Tomlinson <stu@nosnilmot.com>
Paul Aurich = Paul Aurich <paul@darkrain42.org>
Thomas Butter = Thomas Butter <tbutter@users.sourceforge.net>
Jonathan Clark = Jonathan Clark <ardentlygnarly@users.sourceforge.net>
Bartosz Oler = Bartosz Oler <bartosz@pidgin.im>
Éric Boumaour = Éric Boumaour <eric.boumaour_pidgin@m4x.org>
Lee Roach = Lee Roach <phroggie@phroggie.net>
Warren Togami = Warren Togami <warren@togami.com>
Ivar Smolin = Ivar Smolin <okul@linux.ee>
Martin Srebotnjak = Martin Srebotnjak <miles@filmsi.net>
Syd Logan = Syd Logan <slogan@users.sourceforge.net>
Jim Seymour = Jim Seymour <jseymour@users.sf.net>
Ma Xuan = Ma Xuan <supermmx@gmail.com>
Jason Cohen = Jason Cohen <kryojenik23-pidgin@steltek.com>
Claudio Satriano = Claudio Satriano <satriano@na.infn.it>
Gary Kramlich = Gary Kramlich <grim@reaperworld.com>
Kevin Stange = Kevin Stange <kevin@simguy.net>
Christopher O'Brien = Christopher O'Brien <siege@pidgin.im>
Mark Doliner = Mark Doliner <mark@kingant.net>
Tom Samstag = Tom Samstag <pidgin@modtwo.com>
Balwinder S Dheeman = Balwinder S Dheeman <bsd@rubyforge.org>
Ethan Blanton = Ethan Blanton <elb@pidgin.im>
Sadrul Habib Chowdhury = Sadrul Habib Chowdhury <imadil@gmail.com>
John Bailey = John Bailey <rekkanoryo@rekkanoryo.org>
Ambrose Li = Ambrose Li <ambrose.li@gmail.com>
Luke Ross = Luke Ross <luke@lukeross.name>
Felipe Contreras = Felipe Contreras <felipe.contreras@gmail.com>
Nathan Walp = Nathan Walp <nwalp@pidgin.im>
Will Thompson = Will Thompson <will.thompson@collabora.co.uk>
Peter Hjalmarsson = Peter Hjalmarsson <xake@telia.com>
Richard Laager = Richard Laager <rlaager@wiktel.com>
Etan Reisner = Etan Reisner <pidgin@unreliablesource.net>
Evan Schoenberg = Evan Schoenberg <evan.s@dreskin.net>
Javier Fernández-Sanguino Peña = Javier Fernández-Sanguino Peña <jfs@computer.org>
Todd Kulesza = Todd Kulesza <fflewddur@users.sourceforge.net>
Adam Fritzler = Adam Fritzler <mid@auk.cx>
Casey Harkins = Casey Harkins <charkins@pidgin.im>
Ka-Hing Cheung = Ka-Hing Cheung <khc@hxbc.us>
Sean Egan = Sean Egan <seanegan@gmail.com>
Tim Ringenbach = Tim Ringenbach <marv@pidgin.im>
Eric Warmenhoven = Eric Warmenhoven <warmenhoven@yahoo.com>
Luke Schierer = Luke Schierer <lschiere@pidgin.im>
Mark Schneider = Mark Schneider <queueram@gmail.com>
Richard Nelson = Richard Nelson <wabz@pidgin.im>
Christian Hammond = Christian Hammond <chipx86@chipx86.com>
Funda Wang = Funda Wang <fundawang@gmail.com>
Björn Voigt = Björn Voigt <bjoern@cs.tu-berlin.de>
Daniel Atallah = Daniel Atallah <daniel.atallah@gmail.com>
Casey Ho = Casey Ho <caseyho@pidgin.im>
Eoin Coffey = Eoin Coffey <ecoffey@soc.pidgin.im>
Nick Hebner = Nick Hebner <hebnern@gmail.com>
Ari Pollak = Ari Pollak <ari@debian.org>
Stanislav Brabec = Stanislav Brabec <sbrabec@suse.cz>
Jason Roth = Jason Roth <jroth2@users.sourceforge.net>
Adam Fritzler = Adam Fritzler <mid@auk.cx>
Kurt McKee = Kurt McKee <the_truk_stop@users.sourceforge.net>
Martijn van Beers = Martijn van Beers <martijn@eekeek.org>
Bartosz Oler = Bartosz Oler <bartosz@pidgin.im>
Gediminas Čičinskas = Gediminas Čičinskas <wooz@parok.lt>
Bill Tompkins = Bill Tompkins <obobo@users.sourceforge.net>
Arto Alakulju = Arto Alakulju <arto@alakulju.net>
Pekka Riikonen = Pekka Riikonen <priikone@silcnet.org>
Olivier Blin = Olivier Blin <blino@users.sourceforge.net>
Javier Fernández-Sanguino Peña = Javier Fernández-Sanguino Peña <jfs@computer.org>
Steven Garrity = Steven Garrity <sgarrity@silverorange.com>
John Silvestri = John Silvestri <john.silvestri@gmail.com>
Dennis Lambe Jr. = Dennis Lambe Jr. <malsyned@users.sourceforge.net>
Wojtek Kaniewski = Wojtek Kaniewski <wojtekka@toxygen.net>
Don Seiler = Don Seiler <rizzo@gentoo.org>
Miklós Vajna = Miklós Vajna <vmiklos@frugalware.org>
David J. Brigada = David J. Brigada <brigada@prism.net>
Morten Brix Pedersen = Morten Brix Pedersen <morten@wtf.dk>
Jonathan Clark = Jonathan Clark <ardentlygnarly@users.sourceforge.net>
Welker Zsombor = Welker Zsombor <zdeqb@users.sourceforge.net>
Richard Nelson = Richard Nelson <wabz@pidgin.im>
Michael R. Head = Michael R. Head <burner@suppressingfire.org>
Stu Tomlinson = Stu Tomlinson <nosnilmot@pidgin.im>
Ari Pollak = Ari Pollak <ari@debian.org>
Jim Seymour = Jim Seymour <jseymour@users.sourceforge.net>
Ben Miller = Ben Miller <millebe@cs.earlham.edu>
William T. Mahan = William T. Mahan <wtm2@duke.edu>
Funda Wang = Funda Wang <fundawang@gmail.com>
William Jon McCann = William Jon McCann <mccannwj@users.sourceforge.net>
Tim Ringenbach = Tim Ringenbach <marv@pidgin.im>
Malcolm Wallace = Malcolm Wallace <msw@users.sourceforge.net>
Steve Láposi = Steve Láposi <ronin_hun@users.sourceforge.net>
Ethan Blanton = Ethan Blanton <elb@pidgin.im>
Greg = Greg <gonufer@users.sourceforge.net>
Joshua Honeycutt = Joshua Honeycutt <coweater@users.sourceforge.net>
Gary Kramlich = Gary Kramlich <grim@pidgin.im>
Adam Weinberger = Adam Weinberger <adamw@gnome.org>
Guðmundur Bjarni Ólafson = Guðmundur Bjarni Ólafson <aquatopia@gmail.com>
Balwinder S Dheeman = Balwinder S Dheeman <bsd@rubyforge.org>
Jonathan Champ = Jonathan Champ <royanee@users.sourceforge.net>
Warren Togami = Warren Togami <wtogami@redhat.com>
Francesco Fracassi = Francesco Fracassi <ffracassi@users.sourceforge.net>
Ivar Smolin = Ivar Smolin <okul@linux.ee>
Alex Smith = Alex Smith <madalex@users.sourceforge.net>
Maxim V. Dziumanenko = Maxim V. Dziumanenko <mvd@mylinux.com.ua>
Evan Schoenberg = Evan Schoenberg <evands@pidgin.im>
Björn Voigt = Björn Voigt <bjoern@cs.tu-berlin.de>
Mike Stoddard = Mike Stoddard <mistoddard@novell.com>
Daniel Atallah = Daniel Atallah <datallah@pidgin.im>
Paladin R. Liu = Paladin R. Liu <paladin@ms1.hinet.net>
Brian Chu = Brian Chu <roast@users.sourceforge.net>
Alceste Scalas = Alceste Scalas <alceste.scalas@gmx.net>
Padraig O'Briain = Padraig O'Briain <padraigob@users.sourceforge.net>
Torrey McMahon = Torrey McMahon <tmcmahon2@users.sourceforge.net>
Manuel Amador = Manuel Amador <rudd-o@rudd-o.com>
Zmitrok = Zmitrok <zmitrok@users.sourceforge.net>
Claudio Satriano = Claudio Satriano <satriano@na.infn.it>
Daniel Sands = Daniel Sands <dnsands@sandia.gov>
Gavan Fantom = Gavan Fantom <gavan@users.sourceforge.net>
Mathieu van Loon = Mathieu van Loon <matje@users.sourceforge.net>
Douglas Thrift = Douglas Thrift <douglas@douglasthrift.net>
Richard Stellingwerff = Richard Stellingwerff <remenic@gmail.com>
Peter McCurdy = Peter McCurdy <cpirate@users.sourceforge.net>
José Mª Pérez Cáncer = José Mª Pérez Cáncer <jm_pc@users.sourceforge.net>
Robert McQueen = Robert McQueen <robot101@debian.org>
Emil Nowak = Emil Nowak <emil5@go2.pl>
Andrew Wellington = Andrew Wellington <proton@users.sourceforge.net>
Jason Cohen = Jason Cohen <kryojenik23-pidgin@steltek.com>
Andrea Canciani = Andrea Canciani <ranma42@users.sourceforge.net>
Palmer Cox = Palmer Cox <enix@users.sourceforge.net>
Greg Hudson = Greg Hudson <ghudson@mit.edu>
Peter Lawler = Peter Lawler <pidgin@bleeter.id.au>
Thomas Butter = Thomas Butter <tbutter@users.sourceforge.net>
Matthew A. Nicholson = Matthew A. Nicholson <therealman11@users.sourceforge.net>
Feng-Cheng Chang = Feng-Cheng Chang <breeze833@users.sourceforge.net>
Christopher O'Brien = Christopher O'Brien <siege@pidgin.im>
Arun Tharuvai = Arun Tharuvai <aatharuv@mit.edu>
Philip Van Hoof = Philip Van Hoof <freax@users.sourceforge.net>
Tom Samstag = Tom Samstag <pidgin@modtwo.com>
Mike Hearn = Mike Hearn <mike@theoretic.com>
Andrew Magness = Andrew Magness <wing@users.sourceforge.net>
Andrej Krivulčík = Andrej Krivulčík <thefox692@users.sourceforge.net>
Stanislav Brabec = Stanislav Brabec <sbrabec@suse.cz>
Roy Spliet = Roy Spliet <seven@nimrod-online.com>
Joe LaPenna = Joe LaPenna <jlapenna@users.sourceforge.net>
Decklin Foster = Decklin Foster <decklin@red-bean.com>
Dave West = Dave West <kat@users.sourceforge.net>
Cestonaro Thilo = Cestonaro Thilo <ephraim@users.sourceforge.net>
Paul Aurich = Paul Aurich <darkrain42@pidgin.im>
Duarte Henriques = Duarte Henriques <duarte_henriques@myrealbox.com>
Nathan Fredrickson = Nathan Fredrickson <nathan@silverorange.com>
Aleksander Piotrowski = Aleksander Piotrowski <alek@nic.com.pl>
Kyung-uk Son = Kyung-uk Son <vvs740@chol.com>
Casey Ho = Casey Ho <caseyho@pidgin.im>
Joe Shaw = Joe Shaw <joe@joeshaw.org>
Sean Egan = Sean Egan <seanegan@pidgin.im>
Eric S. Raymond = Eric S. Raymond <esr@thyrsus.com>
Miguel Rodríguez = Miguel Rodríguez <miguelrp@users.sourceforge.net>
Eoin Coffey = Eoin Coffey <ecoffey@soc.pidgin.im>
Jérôme Poulin = Jérôme Poulin <ticpu@users.sourceforge.net>
Mads Chr. Olesen = Mads Chr. Olesen <mads@mchro.dk>
Mark Doliner = Mark Doliner <markdoliner@pidgin.im>
Sadrul Habib Chowdhury = Sadrul Habib Chowdhury <sadrul@pidgin.im>
Riley Patterson = Riley Patterson <therylz@users.sourceforge.net>
Calle Englund = Calle Englund <notcalle@users.sourceforge.net>
Dennis Ristuccia = Dennis Ristuccia <dristuccia@gmail.com>
Kris Marsh = Kris Marsh <moogman@gmail.com>
Marc E. = Marc E. <elcomandante@sbcglobal.net>
Luke Ross = Luke Ross <luke@lukeross.name>
Lee Roach = Lee Roach <phroggster@gmail.com>
Peter Hjalmarsson = Peter Hjalmarsson <xake@telia.com>
Erick Hamness = Erick Hamness <erickh@wiktel.com>
Luke Schierer = Luke Schierer <lschiere@pidgin.im>
Caleb Gilmour = Caleb Gilmour <caleb_gilmour@users.sourceforge.net>
Hendrik-Jan Heins = Hendrik-Jan Heins <hjheins@gmail.com>
Benjamin Canou = Benjamin Canou <bookeldor@gmail.com>
Syd Logan = Syd Logan <slogan@users.sourceforge.net>
Dennis Nezic = Dennis Nezic <dennisn@dennisn.dyndns.org>
Bernat López = Bernat López <bernatl@adequa.net>
Casey Harkins = Casey Harkins <charkins@pidgin.im>
Nicolás Lichtmaier = Nicolás Lichtmaier <nico@lichtmaier.com.ar>
Chris = Chris <cbanal@users.sourceforge.net>
Ambrose Li = Ambrose Li <ambrose.li@gmail.com>
Éric Boumaour = Éric Boumaour <eric.boumaour_pidgin@m4x.org>
Mohammed Sameer = Mohammed Sameer <msameer@users.sourceforge.net>
MBG = MBG <chromakode@gmail.com>
Rian Hunter = Rian Hunter <chrono86@users.sourceforge.net>
Christian Hammond = Christian Hammond <chipx86@chipx86.com>
Hil = Hil <allhilbert@users.sourceforge.net>
Mark Schneider = Mark Schneider <queueram@gmail.com>
Martin Srebotnjak = Martin Srebotnjak <miles@filmsi.net>
Kevin Barry = Kevin Barry <gorn@users.sourceforge.net>
Chris J. Friesen = Chris J. Friesen <Darth_Sebulba04@yahoo.com>
Felipe Contreras = Felipe Contreras <felipe.contreras@gmail.com>
Michael Carlson = Michael Carlson <corfe83@users.sourceforge.net>
Richard Laager = Richard Laager <rlaager@pidgin.im>
Nathan Walp = Nathan Walp <nwalp@pidgin.im>
Ka-Hing Cheung = Ka-Hing Cheung <khc@pidgin.im>
Etan Reisner = Etan Reisner <deryni@pidgin.im>
Henning Norén = Henning Norén <henning.noren@gmail.com>
Ma Xuan = Ma Xuan <supermmx@gmail.com>
Glauber de Oliveira Costa = Glauber de Oliveira Costa <gcosta@redhat.com>
John Bailey = John Bailey <rekkanoryo@rekkanoryo.org>
Kevin Stange = Kevin Stange <kstange@pidgin.im>
Andrew Hart = Andrew Hart <arhart@users.sourceforge.net>
Phil Hannent = Phil Hannent <phil@hannent.co.uk>
Will Thompson = Will Thompson <resiak@pidgin.im>
Christophe Chapuis = Christophe Chapuis <tofe2tofe@users.sourceforge.net>
Levi Bard = Levi Bard <levi@bard.sytes.net>
Eric Warmenhoven = Eric Warmenhoven <warmenhoven@yahoo.com>
Todd Kulesza = Todd Kulesza <fflewddur@users.sourceforge.net>
Arkadiusz Miskiewicz = Arkadiusz Miskiewicz <arekm@maven.pl>
Derek Battams = Derek Battams <dbattams@users.sourceforge.net>
Nick Hebner = Nick Hebner <hebnern@gmail.com>
Neil Sanchala = Neil Sanchala <nsanch@gmail.com>
Miah Gregory = Miah Gregory <miah@darksilence.net>
Robert Mibus = Robert Mibus <mibus@mibus.org>
Alex Converse = Alex Converse <alex.converse@gmail.com>
Vincent van Adrighem = Vincent van Adrighem <v.vanadrighem@dirck.mine.nu>
Mauricio Collares = Maurício de Lemos Rodrigues Collares Neto <mauricioc@gmail.com>
Matthew Smith = Matthew Smith <matthew@smigs.co.uk>
Federico Schwindt = Federico G. Schwindt <fgsch@lodoss.net>
Zaheer Merali = Zaheer Merali <zaheerabbas@merali.org>
A Lee = A Ho-seok Lee <alee@debian.org>
Jonas Birme = Jonas Birme <jonas.birme@fro.se>
Chris Stafford = Chris Stafford <c.stafford@gmail.com>
Joshua Blanton = Joshua Blanton <jblanton@masaka.cs.ohiou.edu>
